<code_scheme name="WordPress">
  <option name="USE_SAME_INDENTS" value="true" />
  <option name="IGNORE_SAME_INDENTS_FOR_LANGUAGES" value="true" />
  <option name="OTHER_INDENT_OPTIONS">
    <value>
      <option name="INDENT_SIZE" value="4" />
      <option name="CONTINUATION_INDENT_SIZE" value="4" />
      <option name="TAB_SIZE" value="4" />
      <option name="USE_TAB_CHARACTER" value="true" />
      <option name="SMART_TABS" value="false" />
      <option name="LABEL_INDENT_SIZE" value="0" />
      <option name="LABEL_INDENT_ABSOLUTE" value="false" />
      <option name="USE_RELATIVE_INDENTS" value="false" />
    </value>
  </option>
  <option name="HTML_ATTRIBUTE_WRAP" value="0" />
  <option name="HTML_TEXT_WRAP" value="0" />
  <option name="HTML_SPACE_INSIDE_EMPTY_TAG" value="true" />
  <JSCodeStyleSettings>
    <option name="ALIGN_OBJECT_PROPERTIES" value="2" />
  </JSCodeStyleSettings>
  <PHPCodeStyleSettings>
    <option name="ALIGN_KEY_VALUE_PAIRS" value="true" />
    <option name="ALIGN_PHPDOC_PARAM_NAMES" value="true" />
    <option name="ALIGN_PHPDOC_COMMENTS" value="true" />
    <option name="ALIGN_ASSIGNMENTS" value="true" />
    <option name="PHPDOC_BLANK_LINES_AROUND_PARAMETERS" value="true" />
    <option name="LOWER_CASE_BOOLEAN_CONST" value="true" />
    <option name="LOWER_CASE_NULL_CONST" value="true" />
    <option name="BLANK_LINE_BEFORE_RETURN_STATEMENT" value="true" />
    <option name="KEEP_RPAREN_AND_LBRACE_ON_ONE_LINE" value="true" />
  </PHPCodeStyleSettings>
  <XML>
    <option name="XML_LEGACY_SETTINGS_IMPORTED" value="true" />
  </XML>
  <codeStyleSettings language="CSS">
    <indentOptions>
      <option name="CONTINUATION_INDENT_SIZE" value="4" />
      <option name="USE_TAB_CHARACTER" value="true" />
    </indentOptions>
  </codeStyleSettings>
  <codeStyleSettings language="CoffeeScript">
    <indentOptions>
      <option name="CONTINUATION_INDENT_SIZE" value="4" />
      <option name="USE_TAB_CHARACTER" value="true" />
    </indentOptions>
  </codeStyleSettings>
  <codeStyleSettings language="Gherkin">
    <indentOptions>
      <option name="CONTINUATION_INDENT_SIZE" value="4" />
      <option name="USE_TAB_CHARACTER" value="true" />
    </indentOptions>
  </codeStyleSettings>
  <codeStyleSettings language="HTML">
    <indentOptions>
      <option name="CONTINUATION_INDENT_SIZE" value="4" />
      <option name="USE_TAB_CHARACTER" value="true" />
    </indentOptions>
  </codeStyleSettings>
  <codeStyleSettings language="JavaScript">
    <indentOptions>
      <option name="USE_TAB_CHARACTER" value="true" />
    </indentOptions>
  </codeStyleSettings>
  <codeStyleSettings language="LESS">
    <indentOptions>
      <option name="CONTINUATION_INDENT_SIZE" value="4" />
      <option name="USE_TAB_CHARACTER" value="true" />
    </indentOptions>
  </codeStyleSettings>
  <codeStyleSettings language="PHP">
    <option name="KEEP_FIRST_COLUMN_COMMENT" value="false" />
    <option name="KEEP_CONTROL_STATEMENT_IN_ONE_LINE" value="false" />
    <option name="CLASS_BRACE_STYLE" value="1" />
    <option name="METHOD_BRACE_STYLE" value="1" />
    <option name="ALIGN_MULTILINE_CHAINED_METHODS" value="true" />
    <option name="ALIGN_MULTILINE_PARAMETERS" value="false" />
    <option name="ALIGN_MULTILINE_FOR" value="false" />
    <option name="ALIGN_MULTILINE_BINARY_OPERATION" value="true" />
    <option name="SPACE_AROUND_UNARY_OPERATOR" value="true" />
    <option name="SPACE_WITHIN_PARENTHESES" value="true" />
    <option name="SPACE_WITHIN_METHOD_CALL_PARENTHESES" value="true" />
    <option name="SPACE_WITHIN_METHOD_PARENTHESES" value="true" />
    <option name="SPACE_WITHIN_IF_PARENTHESES" value="true" />
    <option name="SPACE_WITHIN_WHILE_PARENTHESES" value="true" />
    <option name="SPACE_WITHIN_FOR_PARENTHESES" value="true" />
    <option name="SPACE_WITHIN_CATCH_PARENTHESES" value="true" />
    <option name="SPACE_WITHIN_SWITCH_PARENTHESES" value="true" />
    <option name="SPACE_WITHIN_ARRAY_INITIALIZER_BRACES" value="true" />
    <option name="SPACE_AFTER_TYPE_CAST" value="true" />
    <option name="CALL_PARAMETERS_LPAREN_ON_NEXT_LINE" value="true" />
    <option name="CALL_PARAMETERS_RPAREN_ON_NEXT_LINE" value="true" />
    <option name="METHOD_PARAMETERS_LPAREN_ON_NEXT_LINE" value="true" />
    <option name="METHOD_PARAMETERS_RPAREN_ON_NEXT_LINE" value="true" />
    <option name="PARENTHESES_EXPRESSION_LPAREN_WRAP" value="true" />
    <option name="PARENTHESES_EXPRESSION_RPAREN_WRAP" value="true" />
    <option name="FOR_STATEMENT_LPAREN_ON_NEXT_LINE" value="true" />
    <option name="FOR_STATEMENT_RPAREN_ON_NEXT_LINE" value="true" />
    <option name="ARRAY_INITIALIZER_WRAP" value="5" />
    <option name="ARRAY_INITIALIZER_LBRACE_ON_NEXT_LINE" value="true" />
    <option name="ARRAY_INITIALIZER_RBRACE_ON_NEXT_LINE" value="true" />
    <option name="IF_BRACE_FORCE" value="3" />
    <option name="DOWHILE_BRACE_FORCE" value="3" />
    <option name="WHILE_BRACE_FORCE" value="3" />
    <option name="FOR_BRACE_FORCE" value="3" />
    <indentOptions>
      <option name="USE_TAB_CHARACTER" value="true" />
    </indentOptions>
  </codeStyleSettings>
  <codeStyleSettings language="SCSS">
    <indentOptions>
      <option name="CONTINUATION_INDENT_SIZE" value="4" />
      <option name="USE_TAB_CHARACTER" value="true" />
    </indentOptions>
  </codeStyleSettings>
  <codeStyleSettings language="SQL">
    <indentOptions>
      <option name="USE_TAB_CHARACTER" value="true" />
    </indentOptions>
  </codeStyleSettings>
  <codeStyleSettings language="XML">
    <indentOptions>
      <option name="CONTINUATION_INDENT_SIZE" value="4" />
      <option name="USE_TAB_CHARACTER" value="true" />
    </indentOptions>
  </codeStyleSettings>
</code_scheme>