<application>
  <component name="MaterialThemeConfig">
    <option name="fileIcons" value="false" />
    <option name="isWizardShown" value="true" />
    <option name="pristineConfig" value="false" />
    <option name="settingsSelectedTab" value="2" />
    <option name="accentColor" value="80cbc4" />
    <option name="highlightColor" value="80cbc4" />
    <option name="selectedTheme" value="SOLARIZED_DARK" />
    <option name="userId" value="46739736:16668ee7c81:-8000" />
    <option name="version" value="3.10.0" />
  </component>
</application>